{
  "index": "/index.html",
  "appData": {
    "test": true
  },
  "assetGroups": [
    {
      "name": "appshell",
      "resources": {
        "files": ["/assets/**/*", "!/ngsw-worker.js"],
        "versionedFiles": ["/**/*.html", "/**/*.js", "/**/*.css"],
        "urls": []
      }
    }
  ],
  "dataGroups": [
    {
      "name": "api-freshness",
      "urls": ["/timeline"],
      "cacheConfig": {
        "maxSize": 100,
        "maxAge": "3d",
        "timeout": "1m",
        "strategy": "freshness"
      }
    },
    {
      "name": "api-performance",
      "urls": ["/favorites"],
      "cacheConfig": {
        "maxSize": 100,
        "maxAge": "3d",
        "timeout": "1m",
        "strategy": "performance"
      }
    }
  ]
}
